target_va,name,source_exe,similarity,overlap
0x1407231f0,BGSSpatialGridBase::Func2,Starfield.exe,0.4006,37
0x1427be340,BSReflection::CopyVisitor::Func6,Starfield.exe,0.4908,53
0x14149d9d0,InventoryDataModelNS::InventoryItem::Func3,Starfield.exe,0.4314,86
0x14130f010,InventoryDataModelNS::InventoryItem::Func3,Starfield.exe,0.4037,74
0x1402c60e0,AutoCacheCombatActorHandles::AutoCacheCombatActorHandles,Fallout4_OG_1_10_163.exe,0.7500,3
0x1402d3540,BGSEntryPoint::HandleEntryPoint,Starfield.exe,0.6000,3
0x1402e5240,RTTI_BSService::Detail::TCmd::lambda_2efe08d644eb7b52a9d5c0743096e8e4::void_,Starfield.exe,0.4226,19
0x1402ec4b0,RTTI_BSService::Detail::TCmd::lambda_2efe08d644eb7b52a9d5c0743096e8e4::void_,Starfield.exe,0.4226,19
0x1402fc4f0,BSRandom::Float,Fallout4 AE.exe,0.8000,8
0x1402fd5e0,BSRandom::UnsignedInt,Fallout4 AE.exe,0.5500,11
0x140308800,BSRandom::Float0To1,Fallout4 AE.exe,0.7143,5
0x14030ba40,FID_conflict:sprintf_s,Starfield.exe,0.4286,6
0x14030bae0,"std::_Rng_from_urng<uint,std::mersenne_twister_engine<uint,32,624,397,31,2567483615,11,4294967295,7,2636928640,15,4022730752,18,1812433253>>::_Get_bits",Fallout4_OG_1_10_163.exe,0.4048,29
0x140311c00,"BSTObjectArena<BGSBodyPartDefs::LIMB_ENUM,BSTObjectArenaScrapAlignAlloc<16>,32>::Reserve",Fallout4_OG_1_10_163.exe,0.4226,15
0x14031f480,InventoryDataModelNS::InventoryItem::Func3,Starfield.exe,0.5018,74
0x140320d50,RTTI_BSService::Detail::TCmd::lambda_2efe08d644eb7b52a9d5c0743096e8e4::void_,Starfield.exe,0.4226,19
0x140322ab0,"std::_Tree<std::_Tmap_traits<Json::Value::CZString,Json::Value,std::less<Json::Value::CZString>,std::allocator<std::pair<Json::Value::CZString,Json::Value>>,0>>::erase",Fallout4_OG_1_10_163.exe,0.4891,97
0x140329d00,hkbInternal::hks::gettable_event,Fallout4 AE.exe,0.5745,77
0x14032f0a0,BSstristr,Fallout4_OG_1_10_163.exe,0.5641,33
0x140344960,BSRandom::Float0To1,Fallout4 AE.exe,0.5345,4
0x14034acf0,"BSTObjectArena<BGSBodyPartDefs::LIMB_ENUM,BSTObjectArenaScrapAlignAlloc<16>,32>::Reserve",Fallout4_OG_1_10_163.exe,0.4226,15
0x14034ea20,NavMeshObstacleCoverManager::Func17,Starfield.exe,0.4562,13
0x1403501b0,"NiTArray<NiPointer<NiAVObject>,NiTNewInterface<NiPointer<NiAVObject>>>::Compact",Fallout4 AE.exe,0.4014,38
0x140393400,BGSCombinedCellGeometryDB::CDX::Pager::Pager,Fallout4_OG_1_10_163.exe,0.6667,2
0x1403c67f0,InventoryDataModelNS::InventoryItem::Func3,Starfield.exe,0.4230,74
0x1403c8080,RTTI_BSService::Detail::TCmd::lambda_2efe08d644eb7b52a9d5c0743096e8e4::void_,Starfield.exe,0.4226,19
0x1403f8fa0,stl::local_function_detail::LocalFunctionImpl_std::reference_wrapper::lambda_54c6194da212d69d8b3c0e2c81c55e61::_BSVisit::BSVisitControl_NiAVObject_::Func2,Starfield.exe,0.4226,15
0x1404001d0,NiQuaternion::operator*=,Fallout4_OG_1_10_163.exe,0.4118,7
0x140401490,"BSResource::EntryDBTraits<BSModelDB::DBTraits,BSResource::EntryDB<BSModelDB::DBTraits>>::CArgs::CArgs",Fallout4_OG_1_10_163.exe,0.4932,15
0x140403e40,InventoryDataModelNS::InventoryItem::Func3,Starfield.exe,0.4430,73
0x1404079d0,BSRandom::Float0To1,Fallout4 AE.exe,0.7143,5
0x1404084b0,InventoryDataModelNS::InventoryItem::Func3,Starfield.exe,0.4200,74
0x140441350,InventoryDataModelNS::InventoryItem::Func3,Starfield.exe,0.4010,74
0x1404431d0,BSRandom::Int,Fallout4 AE.exe,0.6923,9
0x140466000,AnimationGraphData::WeightedClipData::WeightedClipData,Fallout4_OG_1_10_163.exe,0.4804,6
0x14047cbc0,BSService::Detail::TCmd::lambda_40e6f3a5d7629908c83c6f08be99d02f::BSComponentDB2::ID_::Func2,Starfield.exe,0.4207,15
0x140480a20,Umbra::ImpShadowCuller::getBuffer,Fallout4_OG_1_10_163.exe,0.4472,2
0x140481740,PenetrationRecoveryUtils::hknpBSIgnoreBodyCollisionFilter::Func7,Starfield.exe,0.4346,24
0x1404a84b0,NiMatrix3::Inverse,Fallout4_OG_1_10_163.exe,0.4015,14
0x1404ab420,sprintf,SkyrimAE_1_6_1170.exe,0.5333,8
0x140545970,RTTI_BSService::Detail::TCmd::lambda_2efe08d644eb7b52a9d5c0743096e8e4::void_,Starfield.exe,0.4178,19
0x140546260,REFR_LOCK::IsBroken,Fallout4 AE.exe,0.4545,5
0x14054af30,CombatSortedInventoryItemArray::InsertItem,Fallout4_OG_1_10_163.exe,0.4045,31
0x140559050,InventoryDataModelNS::InventoryItem::Func3,Starfield.exe,0.4967,74
0x14055fb80,"FindFirstGreaterEqualSorted<BSFixedString,int_",Fallout4_OG_1_10_163.exe,0.5361,26
0x1405ba310,TESFile::GetTempIDCanLoadFromFile,Fallout4_OG_1_10_163.exe,0.4310,25
0x1405c35d0,BGSDestructibleObjectForm::SpawnDebrisAtDebrisNodes,Fallout4_OG_1_10_163.exe,0.4030,27
0x1405db8e0,TESForm::CanBePutInContainer,SkyrimAE_1_6_1170.exe,0.4879,28
0x1405eec40,stl::unique_function_impl::detail::TypeErasedFuncImpl::lambda_d171162562a65c2174a62885db0a1980::float_::Func3,Starfield.exe,0.5319,50
0x140625eb0,InventoryDataModelNS::InventoryItem::Func3,Starfield.exe,0.4001,74
0x14062f9d0,InventoryDataModelNS::InventoryItem::Func3,Starfield.exe,0.4454,74
0x1406300f0,InventoryDataModelNS::InventoryItem::Func3,Starfield.exe,0.4704,74
0x140630830,InventoryDataModelNS::InventoryItem::Func3,Starfield.exe,0.4675,74
0x140630f90,InventoryDataModelNS::InventoryItem::Func3,Starfield.exe,0.4648,74
0x1406375a0,InventoryDataModelNS::InventoryItem::Func3,Starfield.exe,0.4383,74
0x140638d90,InventoryDataModelNS::InventoryItem::Func3,Starfield.exe,0.4327,74
0x140639810,InventoryDataModelNS::InventoryItem::Func3,Starfield.exe,0.4305,74
0x14063bee0,PenetrationRecoveryUtils::hknpBSIgnoreBodyCollisionFilter::Func7,Starfield.exe,0.4346,24
0x140644810,InventoryDataModelNS::InventoryItem::Func3,Starfield.exe,0.4102,74
0x14064a150,InventoryUserUIInterfaceEntry::RemoveStackID,Fallout4_OG_1_10_163.exe,0.4807,29
0x14065ddc0,stl::local_function_detail::LocalFunctionImpl_std::reference_wrapper::lambda_28d1330dc70c74bed2c3c324e969f574::_BSContainer::ForEachResult_TESForm_::Func2,Starfield.exe,0.4168,20
0x140670f00,InventoryDataModelNS::InventoryItem::Func3,Starfield.exe,0.4950,73
0x140671600,InventoryDataModelNS::InventoryItem::Func3,Starfield.exe,0.4950,73
0x140672190,InventoryDataModelNS::InventoryItem::Func3,Starfield.exe,0.4950,73
0x140672c90,InventoryDataModelNS::InventoryItem::Func3,Starfield.exe,0.4950,73
0x140673280,InventoryDataModelNS::InventoryItem::Func3,Starfield.exe,0.4950,73
0x140683e90,BSRandom::Float0To1,Fallout4 AE.exe,0.7143,5
0x1406b8cd0,"BSTObjectArena<BSCuller,BSCullingGroup::CullerArenaAlloc,1>::Reserve",Fallout4_OG_1_10_163.exe,0.4058,14
0x1406b8e50,"BSTObjectArena<BSCuller,BSCullingGroup::CullerArenaAlloc,1>::Reserve",Fallout4_OG_1_10_163.exe,0.4058,14
0x1406b97a0,RTTI_stl::local_function_detail::LocalFunctionImpl::lambda_f0c986755d786d6b3225f048976579b3::void_BSResource2::DBHandle_BSResource2::TEntryTraits_0_LoadedCellDB::DBTraits_BSResource2::DBDefaultStreamPolicy::const_,Starfield.exe,0.4286,15
0x1406b9890,stl::local_function_detail::LocalFunctionImpl_std::reference_wrapper::lambda_92b1718621ee09200fb3293dcbf9fbea::_BSContainer::ForEachResult_BSTSmartPointer_NavMesh_BSNavigationGraphPolicy_const_::Func2,Starfield.exe,0.4571,16
0x140772bb0,"std::_Tree<std::_Tmap_traits<Json::Value::CZString,Json::Value,std::less<Json::Value::CZString>,std::allocator<std::pair<Json::Value::CZString,Json::Value>>,0>>::_Copy<std::integral_constant<bool,0>>",Fallout4_OG_1_10_163.exe,0.4092,19
0x1407a57e0,CRC32Calculator::SizeOf64,SkyrimAE_1_6_1170.exe,0.4360,21
0x14083bba0,_Pop_heap_hole_by_index<>,SkyrimAE_1_6_1170.exe,0.4615,33
0x1408592a0,InventoryDataModelNS::InventoryItem::Func3,Starfield.exe,0.4733,74
0x140881fe0,AnimationGraphData::WeightedClipData::WeightedClipData,Fallout4_OG_1_10_163.exe,0.4804,6
0x1408feda0,_Pop_heap_hole_by_index<>,SkyrimAE_1_6_1170.exe,0.5874,42
0x1408feea0,_Pop_heap_hole_by_index<>,SkyrimAE_1_6_1170.exe,0.5874,42
0x140968540,BSService::Detail::TCmd::lambda_6050264a05b7761be9833732b47df840::void_::Func2,Starfield.exe,0.4396,20
0x14096c040,BSTextureStreamer::zlibStreamDetail::Inflate,Fallout4_OG_1_10_163.exe,0.4629,3
0x1409b6c40,NavMeshObstacleCoverManager::Func17,Starfield.exe,0.4138,12
0x1409ee0b0,BSTempEffect::CreateEffectForLoadGame,Fallout4_OG_1_10_163.exe,0.5200,13
0x1409f13f0,BGSSpatialGridSearchBase_BGSSpatialGridSearchUtilitiesInternal::GridSearchPolicyWrapperDirect::_SearchPolicyStandard::::Func3,Starfield.exe,0.4688,86
0x140a02c50,InventoryDataModelNS::InventoryItem::Func3,Starfield.exe,0.4262,74
0x140a16b00,BGSMod::Attachment::Mod::CalculateModRank,Fallout4_OG_1_10_163.exe,0.4103,49
0x140a1ca00,InventoryDataModelNS::InventoryItem::Func3,Starfield.exe,0.4290,73
0x140a68130,BSRandom::Float0To1,Fallout4 AE.exe,0.5040,4
0x140ab4d60,InventoryDataModelNS::InventoryItem::Func3,Starfield.exe,0.4406,73
0x140ac9660,stl::local_function_detail::LocalFunctionImpl_std::reference_wrapper::lambda_58198f01353e9b52ba2a1bc2e6df2600::_BSContainer::ForEachResult_SpecialRefDataconst_::Func2,Starfield.exe,0.4110,15
0x140ad7700,AutoRegisterFormFactoryComponent_BGSSurface::OverlayPlacement::BGSDesignatedInfoComponent_CopyFormComponentMoverPolicy_::Func4,Starfield.exe,0.4047,28
0x140af9eb0,TESObjectCELL::GetDistanceFromPoint,Fallout4_OG_1_10_163.exe,0.4628,28
0x140b13620,"BSTObjectArena<BGSBodyPartDefs::LIMB_ENUM,BSTObjectArenaScrapAlignAlloc<16>,32>::Reserve",Fallout4_OG_1_10_163.exe,0.4226,15
0x140b278b0,InventoryDataModelNS::InventoryItem::Func3,Starfield.exe,0.4567,74
0x140b37e90,`anonymous_namespace'::CheckTimeControllers,Fallout4_OG_1_10_163.exe,0.5172,15
0x140b3df00,TESObjectREFR::GetObjectCenter,Fallout4_OG_1_10_163.exe,0.4332,16
0x140b3e060,TESObjectREFR::GetObjectCenter,Fallout4_OG_1_10_163.exe,0.4603,17
0x140b3e260,GameScript::`anonymous_namespace'::mem_ObjectReference_GetHeight,Fallout4_OG_1_10_163.exe,0.4308,7
0x140b42e30,InventoryDataModelNS::InventoryItem::Func3,Starfield.exe,0.4268,73
0x140b5e330,InventoryDataModelNS::InventoryItem::Func3,Starfield.exe,0.4130,74
0x140b5f4c0,InventoryDataModelNS::InventoryItem::Func3,Starfield.exe,0.4419,75
0x140b667d0,InventoryDataModelNS::InventoryItem::Func3,Starfield.exe,0.4133,73
0x140b76ab0,InventoryDataModelNS::InventoryItem::Func3,Starfield.exe,0.4757,73
0x140b7f470,InventoryDataModelNS::InventoryItem::Func3,Starfield.exe,0.4747,74
0x140b8f5b0,_Pop_heap_hole_by_index<>,SkyrimAE_1_6_1170.exe,0.4262,35
0x140b9db40,TESObjectREFR::SetFirstFreeMarkerReserved,Fallout4_OG_1_10_163.exe,0.5000,11
0x140ba07d0,Actor::Resurrect,Fallout4 AE.exe,0.5385,7
0x140bbe0b0,BGSNavigationGridManager::Func2_v5,Starfield.exe,0.4297,12
0x140c1c990,TESImageSpaceModifier::GetExplosionInFace,Fallout4_OG_1_10_163.exe,0.4545,5
0x140c94d90,BGSEntryPoint::HandleEntryPoint,Starfield.exe,0.6000,3
0x140cb1300,RE::BGSScene::InitializeDataComponent,Starfield.exe,0.4239,33
0x140cb8b90,BSResource::Server::SimpleServerDetails::FunctorNode_BSProcGen::Resources::lambda_37d97d1c066546897543d0f2cfc393d2::BSResource2::DBHandle_BSResource2::TEntryTraits_0_BGSPlanet::ProcGenLayersDB::DBTraits_BSResource2::DBDefaultStreamPolicy::_std::vector_BSResource2::DBHandleBase_BSTHeapSTLAllocator_BSResource2::DBHandleBase_2::_BSResource::Server::SimpleServerDetails::ScopedResourceTracking_BSProcGen::Resources::::Func3,Starfield.exe,0.4082,2
0x140ccd290,TESIdleManager::GetIdleAnimRoot,Fallout4_OG_1_10_163.exe,0.5526,21
0x140cce000,InventoryDataModelNS::InventoryItem::Func3,Starfield.exe,0.4506,73
0x140cce960,ConditionItemIsTrueForActivateObjectCheck::operator,Fallout4_OG_1_10_163.exe,0.5122,42
0x140cd1140,BGSCombinedCellGeometryDB::CDX::Pager::Pager,Fallout4_OG_1_10_163.exe,0.6667,2
0x140d0e1f0,TESQuest::SetStage,Fallout4 AE.exe,0.4416,32
0x140d4a010,InventoryDataModelNS::InventoryItem::Func3,Starfield.exe,0.4917,74
0x140d54f50,RTTI_BSService::Detail::TCmd::lambda_2efe08d644eb7b52a9d5c0743096e8e4::void_,Starfield.exe,0.4226,19
0x140d6cee0,GetTimes,Fallout4_OG_1_10_163.exe,0.5859,29
0x140e10d40,BSAngleWrapAndAbs,Fallout4_OG_1_10_163.exe,0.4454,10
0x140e49010,TESParameters::Copy,Fallout4 AE.exe,0.4734,39
0x140ec0820,Actor::ForceMovementControllerToNotHigh,Fallout4_OG_1_10_163.exe,0.6667,2
0x140f09a20,InventoryDataModelNS::InventoryItem::Func3,Starfield.exe,0.4718,74
0x140f0a100,InventoryDataModelNS::InventoryItem::Func3,Starfield.exe,0.4200,74
0x140f0c740,InventoryDataModelNS::InventoryItem::Func3,Starfield.exe,0.4121,74
0x140f1e730,BGSSpatialGridSearchBase_BGSSpatialGridSearchUtilitiesInternal::GridSearchPolicyWrapperDirect::_SearchPolicyStandard::::Func3,Starfield.exe,0.4791,86
0x140f1f210,InventoryDataModelNS::InventoryItem::Func3,Starfield.exe,0.4074,73
0x140f1f680,InventoryDataModelNS::InventoryItem::Func3,Starfield.exe,0.4382,73
0x140f31cd0,InventoryDataModelNS::InventoryItem::Func3,Starfield.exe,0.4683,73
0x140f33cb0,InventoryDataModelNS::InventoryItem::Func3,Starfield.exe,0.4370,73
0x140f340a0,BGSSpatialGridSearchBase_BGSSpatialGridSearchUtilitiesInternal::GridSearchPolicyWrapperDirect::_SearchPolicyStandard::::Func3,Starfield.exe,0.4127,81
0x140f34830,BGSSpatialGridSearchBase_BGSSpatialGridSearchUtilitiesInternal::GridSearchPolicyWrapperDirect::_SearchPolicyStandard::::Func3,Starfield.exe,0.4888,86
0x140f34ca0,InventoryDataModelNS::InventoryItem::Func3,Starfield.exe,0.5396,73
0x140f7d350,InventoryDataModelNS::InventoryItem::Func3,Starfield.exe,0.4506,73
0x1411197f0,CombatMathUtilities::CalculateClosestPoint_1,Fallout4_OG_1_10_163.exe,0.6667,23
0x14128a2f0,"BSTObjectArena<BGSBodyPartDefs::LIMB_ENUM,BSTObjectArenaScrapAlignAlloc<16>,32>::Reserve",Fallout4_OG_1_10_163.exe,0.4226,15
0x1412cc540,InventoryDataModelNS::InventoryItem::Func3,Starfield.exe,0.4697,73
0x1412cec10,InventoryDataModelNS::InventoryItem::Func3,Starfield.exe,0.4336,73
0x1412e63a0,InventoryDataModelNS::InventoryItem::Func3,Starfield.exe,0.4620,74
0x1412e7d20,PenetrationRecoveryUtils::hknpBSIgnoreBodyCollisionFilter::Func7,Starfield.exe,0.4261,24
0x14130d6e0,InventoryDataModelNS::InventoryItem::Func3,Starfield.exe,0.4074,74
0x1413400f0,Actor::ForceMovementControllerToNotHigh,Fallout4_OG_1_10_163.exe,0.6667,2
0x1413d75e0,stl::unique_function_impl::detail::TypeErasedFuncImpl::lambda_0c93912eb3805fc80fa5da712bfcf189::int_CrewInfoconst_CrewInfoconst_::Func3,Starfield.exe,0.5116,22
0x1413db5f0,BSService::Detail::TCmd::lambda_16376a5022f79a83df3926f4fe3cbc2c::void_::Func2,Starfield.exe,0.4446,20
0x1414728c0,RTTI_BSService::TCommandBase_BSService::Detail::TCmd::lambda_5526277130204c648e501eed6bbe34b8::void::,Starfield.exe,0.4734,71
0x141472b80,RTTI_BSService::TCommandBase_BSService::Detail::TCmd::lambda_5526277130204c648e501eed6bbe34b8::void::,Starfield.exe,0.4721,72
0x1414c14d0,StateIntroVideo::Func19,Starfield.exe,0.4211,8
0x1414d3790,BSService::Detail::TCmd::lambda_6df16e899ef1ecc0a3cd559b5e0a5f0e::void_::Func2,Starfield.exe,0.4222,19
0x1414d3c90,BSService::Detail::TCmd::lambda_6df16e899ef1ecc0a3cd559b5e0a5f0e::void_::Func2,Starfield.exe,0.4222,19
0x14153f6f0,BSService::Detail::TCmd::lambda_3495883e95a0abfb4b4bff1fc611f8fd::void_::Func2,Starfield.exe,0.4139,24
0x14158f030,BSService::Detail::TCmd::lambda_6df16e899ef1ecc0a3cd559b5e0a5f0e::void_::Func2,Starfield.exe,0.4176,19
0x1415c22b0,BSService::Detail::TCmd::lambda_c12838fd1359278fffebd2d2c1d3a612::void_::Func2,Starfield.exe,0.5348,301
0x141609090,BSService::Detail::TCmd::lambda_3495883e95a0abfb4b4bff1fc611f8fd::void_::Func2,Starfield.exe,0.4139,24
0x141619b40,stl::unique_function_impl::detail::TypeErasedFuncImpl::lambda_f5d9c6be902abf31e1095fbe7bd905dc::void_StarMap::StarMapMenuDataModel_::Func3,Starfield.exe,0.4170,20
0x141622da0,FID_conflict:_Change_array,SkyrimAE_1_6_1170.exe,0.4056,15
0x141639c00,InventoryDataModelNS::InventoryItem::Func3,Starfield.exe,0.4443,73
0x14163c2b0,BSService::Detail::TCmd::lambda_6df16e899ef1ecc0a3cd559b5e0a5f0e::void_::Func2,Starfield.exe,0.4566,21
0x141641cb0,BSService::Detail::TCmd::lambda_8a0c34066621c5f6561302733bb394c0::void_::Func2,Starfield.exe,0.4469,21
0x141641fb0,InventoryDataModelNS::InventoryItem::Func3,Starfield.exe,0.4807,74
0x141642480,InventoryDataModelNS::InventoryItem::Func3,Starfield.exe,0.4838,74
0x1416c91e0,BSService::Detail::TCmd::lambda_40e6f3a5d7629908c83c6f08be99d02f::BSComponentDB2::ID_::Func2,Starfield.exe,0.5315,17
0x1416d0000,InventoryDataModelNS::InventoryItem::Func3,Starfield.exe,0.4777,74
0x1416d44b0,InventoryDataModelNS::InventoryItem::Func3,Starfield.exe,0.4359,73
0x1416d48b0,InventoryDataModelNS::InventoryItem::Func3,Starfield.exe,0.4506,73
0x1416d4ca0,InventoryDataModelNS::InventoryItem::Func3,Starfield.exe,0.4215,73
0x1416d50a0,InventoryDataModelNS::InventoryItem::Func3,Starfield.exe,0.4347,73
0x1416e60a0,BSService::Detail::TCmd::lambda_40e6f3a5d7629908c83c6f08be99d02f::BSComponentDB2::ID_::Func2,Starfield.exe,0.5336,16
0x141727650,stl::unique_function_impl::detail::TypeErasedFuncImpl::lambda_f5d9c6be902abf31e1095fbe7bd905dc::void_StarMap::StarMapMenuDataModel_::Func3,Starfield.exe,0.4423,21
0x14172f410,InventoryDataModelNS::InventoryItem::Func3,Starfield.exe,0.4835,73
0x14172f750,InventoryDataModelNS::InventoryItem::Func3,Starfield.exe,0.4290,73
0x1417312c0,InventoryDataModelNS::InventoryItem::Func3,Starfield.exe,0.4491,74
0x1417316e0,BGSPlanetContentManager::QueueContentRequestOnPlanet::25::RequestPlanetContentNode::Func3,Starfield.exe,0.4472,2
0x141764a50,InventoryDataModelNS::InventoryItem::Func3,Starfield.exe,0.4210,74
0x1417ac100,InventoryDataModelNS::InventoryItem::Func3,Starfield.exe,0.4796,75
0x1417ac560,InventoryDataModelNS::InventoryItem::Func3,Starfield.exe,0.4503,74
0x1417b0b20,InventoryDataModelNS::InventoryItem::Func3,Starfield.exe,0.4901,74
0x1417d1c20,InventoryDataModelNS::InventoryItem::Func3,Starfield.exe,0.4338,74
0x1417db120,RE::Actor::GetRandomAnim,Starfield.exe,0.4002,19
0x1417e8220,InventoryDataModelNS::InventoryItem::Func3,Starfield.exe,0.4103,73
0x1417f3040,`anonymous_namespace'::ReceiverData::RecalcTunedFreq,Fallout4_OG_1_10_163.exe,0.5000,3
0x1417f5d00,RE::BGSScene::InitializeDataComponent,Starfield.exe,0.4584,33
0x141806290,"std::_Tree<std::_Tset_traits<std::string,std::less<std::string>,std::allocator<std::string>,0>>::_Erase",Fallout4_OG_1_10_163.exe,0.4003,10
0x14183cf50,BGSSaveLoadManager::GetFullPath,Fallout4_OG_1_10_163.exe,0.4246,15
0x14185c290,BGSNumericIDIndex::SetNumericID,Fallout4 AE.exe,0.5092,14
0x1418e2e60,InventoryDataModelNS::InventoryItem::Func3,Starfield.exe,0.4019,73
0x1418ea350,RE::ArrowProjectile::IsGrenadeProjectile,Starfield.exe,0.4663,15
0x141941d30,Actor::AddDetectionListener,Fallout4_OG_1_10_163.exe,0.4573,8
0x141941e50,Actor::GetLineOfSightImplementation,SkyrimAE_1_6_1170.exe,0.4336,13
0x14194c440,InventoryDataModelNS::InventoryItem::Func3,Starfield.exe,0.4111,74
0x1419676f0,stl::unique_function_impl::detail::TypeErasedFuncImpl::lambda_e6cebf1fd2b4ac64f7d33432c86d3503::bool_BGSPackIn_::Func3,Starfield.exe,0.4250,34
0x14197d030,Actor::PreDeleteCachedActorValues,Fallout4_OG_1_10_163.exe,0.4348,10
0x141991e40,InventoryDataModelNS::InventoryItem::Func3,Starfield.exe,0.4675,74
0x1419921a0,InventoryDataModelNS::InventoryItem::Func3,Starfield.exe,0.4747,74
0x141992500,InventoryDataModelNS::InventoryItem::Func3,Starfield.exe,0.4554,74
0x141992c00,InventoryDataModelNS::InventoryItem::Func3,Starfield.exe,0.4838,74
0x1419932c0,InventoryDataModelNS::InventoryItem::Func3,Starfield.exe,0.4822,74
0x141993620,InventoryDataModelNS::InventoryItem::Func3,Starfield.exe,0.4747,74
0x14199a2d0,InventoryDataModelNS::InventoryItem::Func3,Starfield.exe,0.4669,73
0x1419b81a0,InventoryDataModelNS::InventoryItem::Func3,Starfield.exe,0.4169,74
0x1419d59d0,PendingHeadTrackQueue::RemovePending,Fallout4_OG_1_10_163.exe,0.4527,18
0x1419f59d0,AIProcess::UpdateHoldFaceTimer,Fallout4_OG_1_10_163.exe,0.4091,9
0x141a0ffe0,AIProcess::UpdateAnimGraphEventTimeout,Fallout4_OG_1_10_163.exe,0.5000,18
0x141a2c300,InventoryDataModelNS::InventoryItem::Func3,Starfield.exe,0.4316,74
0x141a45880,InventoryDataModelNS::InventoryItem::Func3,Starfield.exe,0.4599,73
0x141a71f00,InventoryDataModelNS::InventoryItem::Func3,Starfield.exe,0.5200,74
0x141a72250,InventoryDataModelNS::InventoryItem::Func3,Starfield.exe,0.5200,74
0x141a725a0,InventoryDataModelNS::InventoryItem::Func3,Starfield.exe,0.5200,74
0x141a855e0,LowListIndex::LowListIndex,Fallout4_OG_1_10_163.exe,0.4118,7
0x141a856e0,LowListIndex::Reset,Fallout4_OG_1_10_163.exe,0.5556,10
0x141a8c030,ProcessLists::SetSystemTimeClock,Fallout4_OG_1_10_163.exe,0.5966,11
0x141a92120,ProcessLists::IsEnemyFactionofOtherCrime,Fallout4_OG_1_10_163.exe,0.5385,21
0x141afc9d0,InventoryDataModelNS::InventoryItem::Func3,Starfield.exe,0.4933,74
0x141b01520,InventoryDataModelNS::InventoryItem::Func3,Starfield.exe,0.4220,74
0x141b2a900,PenetrationRecoveryUtils::hknpBSIgnoreBodyCollisionFilter::Func7,Starfield.exe,0.4261,24
0x141b99740,CombatDialogueManager::CheckDialogueTimer_1,Fallout4_OG_1_10_163.exe,0.5473,29
0x141be4860,stl::unique_function_impl::detail::TypeErasedFuncImpl::lambda_e6cebf1fd2b4ac64f7d33432c86d3503::bool_BGSPackIn_::Func3,Starfield.exe,0.4250,34
0x141c2f790,InventoryDataModelNS::InventoryItem::Func3,Starfield.exe,0.4984,73
0x141ead410,BGSEntryPoint::HandleEntryPoint,Starfield.exe,0.6000,3
0x142127aa0,RTTI_BSService::Detail::TCmd::lambda_2efe08d644eb7b52a9d5c0743096e8e4::void_,Starfield.exe,0.4226,19
0x1421ac630,InventoryDataModelNS::InventoryItem::Func3,Starfield.exe,0.4835,73
0x1421be500,BSService::Detail::TCmd::lambda_719c22938e1933da3a1096ba6d7398c5::void_::Func2,Starfield.exe,0.5433,22
0x1421c1aa0,BSService::Detail::TCmd::lambda_719c22938e1933da3a1096ba6d7398c5::void_::Func2,Starfield.exe,0.5244,22
0x1421d9230,InventoryDataModelNS::InventoryItem::Func3,Starfield.exe,0.4493,73
0x1421f7fe0,BSService::Detail::TCmd::lambda_719c22938e1933da3a1096ba6d7398c5::void_::Func2,Starfield.exe,0.4793,21
0x1422b0e30,InventoryDataModelNS::InventoryItem::Func3,Starfield.exe,0.4062,66
0x1422b13c0,InventoryDataModelNS::InventoryItem::Func3,Starfield.exe,0.4479,74
0x1422ca0c0,MemoryManager::Allocate,Starfield.exe,0.4352,47
0x1422caa00,MemoryManager::GetThreadScrapHeap,Starfield.exe,0.5385,7
0x1422ce730,BSTArrayBase::sub,SkyrimAE_1_6_1170.exe,0.5862,17
0x1422ce7c0,BSTArrayBase::InsertUninitialized,Fallout4_OG_1_10_163.exe,0.5209,34
0x1422ce920,BSTArrayBase::SetAllocSize,Fallout4_OG_1_10_163.exe,0.4848,16
0x1422cf0b0,BSCRC32::GenerateCRC_4,Fallout4_OG_1_10_163.exe,0.5714,20
0x1422d62c0,ZeroOverheadHeap::ZeroOverheadHeap,Fallout4_OG_1_10_163.exe,0.4899,12
0x1422d6700,CompactingStore::Store::MergeFrom,Fallout4_OG_1_10_163.exe,0.5992,60
0x1422d6870,CompactingStore::Store::MergeBlockList,Fallout4_OG_1_10_163.exe,0.6719,86
0x1422d6ac0,CompactingStore::Store::PushFree,Fallout4_OG_1_10_163.exe,0.7473,149
0x1422d70d0,CompactingStore::Store::RequestCompact,Fallout4_OG_1_10_163.exe,0.4688,30
0x1422d71d0,CompactingStore::Store::TryDecommit,Fallout4_OG_1_10_163.exe,0.6098,25
0x1422d73e0,CompactingStore::Store::FlushBatchDeallocates,Fallout4 AE.exe,0.5500,33
0x1422d8c30,`anonymous_namespace'::RebalanceAfterRemove<`anonymous_namespace'::LeftRight>,Fallout4 AE.exe,0.5431,63
0x1422d8e00,`anonymous_namespace'::RebalanceAfterRemove<`anonymous_namespace'::LeftRight>,Fallout4 AE.exe,0.5431,63
0x14231d6e0,swprintf_s<260>,Starfield.exe,0.5000,7
0x14231d740,swprintf_s<260>,Starfield.exe,0.5000,7
0x142363f30,hknpWorld::Func12_v3,Starfield.exe,0.4243,18
0x142372e50,BSConnectPoint::ConnectPointName::Init,Fallout4_OG_1_10_163.exe,0.4457,22
0x14238b6f0,"hkAlgorithm::quickSortRecursive<hkHandle<ushort,65535,hknpIslandIdDiscriminant>,hkAlgorithm::less<hkHandle<ushort,65535,hknpIslandIdDiscriminant>>>",Fallout4_OG_1_10_163.exe,0.7653,57
0x142399020,"hkAlgorithm::quickSortRecursive<hknpNarrowPhaseTask::ExistingPairsSubTask,hkAlgorithm::less<hknpNarrowPhaseTask::ExistingPairsSubTask>>",Fallout4_OG_1_10_163.exe,0.5220,49
0x1423a19a0,bhkCollisionQuery::CancelQuery,Fallout4_OG_1_10_163.exe,0.5190,17
0x1423f2f70,"hkAlgorithm::quickSortRecursive<hknpNarrowPhaseTask::ExistingPairsSubTask,hkAlgorithm::less<hknpNarrowPhaseTask::ExistingPairsSubTask>>",Fallout4_OG_1_10_163.exe,0.5859,55
0x142408db0,BSService::Detail::TCmd::lambda_40e6f3a5d7629908c83c6f08be99d02f::BSComponentDB2::ID_::Func2,Starfield.exe,0.4370,15
0x142419c60,BGSSpatialGridSearchBase_BGSSpatialGridSearchUtilitiesInternal::GridSearchPolicyWrapperDirect::_SearchPolicyStandard::::Func3,Starfield.exe,0.4248,80
0x1424b1590,`anonymous_namespace'::CreateFolderAndParents,Fallout4 AE.exe,0.4286,21
0x14254c1b0,NestedUIValue_InventoryDataModelNS::LootItem_::Func5,Starfield.exe,0.4160,83
0x14254d760,NestedUIValue_InventoryDataModelNS::LootItem_::Func5,Starfield.exe,0.4149,82
0x1425798b0,stl::unique_function_impl::detail::TypeErasedFuncImpl::lambda_4e06799c645c88026baf531c111d52f1::void_BSService::Commands::NewFrameconst_::Func3,Starfield.exe,0.4003,15
0x1426833d0,BSVMLoadTask::GetDescription,Fallout4 AE.exe,0.6667,2
0x1426941b0,InventoryDataModelNS::InventoryItem::Func3,Starfield.exe,0.4313,73
0x1426b0cf0,InventoryDataModelNS::InventoryItem::Func3,Starfield.exe,0.4772,73
0x1426b8a60,InventoryDataModelNS::InventoryItem::Func3,Starfield.exe,0.5130,73
0x1426b94a0,BSNavmesh::ClearPortalSwap,Fallout4_OG_1_10_163.exe,0.5369,14
0x1426d3890,BSNavmeshMath::ProjectPointOntoSegment,Fallout4_OG_1_10_163.exe,0.4724,17
0x1426d39e0,BSNavmeshMath::IsPointInsideTriangle_1,Fallout4_OG_1_10_163.exe,0.4352,15
0x1426d3eb0,BSNavmeshMath::Find2DIntersection_4,Fallout4_OG_1_10_163.exe,0.5455,12
0x1426d3fc0,BSNavmeshMath::Find2DIntersection_3,Fallout4_OG_1_10_163.exe,0.4601,17
0x1426d6d60,BSNavmeshMath::CalculateTriangleNormalAndArea,Fallout4_OG_1_10_163.exe,0.4375,7
0x1426f07d0,`anonymous_namespace'::GetAdjacentTriAndEdge,Fallout4_OG_1_10_163.exe,0.5541,41
0x1426f0910,BSNavmeshObstacleCutter::Segment::GetClosestPoint,Fallout4_OG_1_10_163.exe,0.6147,23
0x1426f1860,BSNavmeshObstacleCutter::BreakTriangleAlongEdge,Fallout4_OG_1_10_163.exe,0.4837,82
0x1426f2120,BSNavmeshObstacleCutter::SplitEdge,Fallout4 AE.exe,0.4137,73
0x1427531f0,RTTI_BSService::Detail::TCmd::lambda_2efe08d644eb7b52a9d5c0743096e8e4::void_,Starfield.exe,0.4226,19
0x1427d9b60,BSResource::FileID::FileID_1,Fallout4_OG_1_10_163.exe,0.7408,50
0x1427d9c50,BSResource::ID::GenerateFromPath,Fallout4 AE.exe,0.5658,49
0x1427d9dc0,BSComponentDB2::Detail::TReadAndUpdateTraverser_void::lambda_b790227927364599a464cd537e5562dd::::Func2,Starfield.exe,0.5108,24
0x1428d2c30,FilePathUtilities::NormPath,Fallout4_OG_1_10_163.exe,0.4362,42
0x1428d41a0,WildCard::MakeString,Fallout4_OG_1_10_163.exe,0.5000,20
0x1428d42d0,WildCard::RecMatch,Fallout4_OG_1_10_163.exe,0.5300,62
0x1429084c0,"BSResource::EntryDBTraits<BSModelDB::DBTraits,BSResource::EntryDB<BSModelDB::DBTraits>>::CArgs::CArgs",Fallout4_OG_1_10_163.exe,0.4596,13
0x142920fb0,BSService::Detail::TCmd::lambda_719c22938e1933da3a1096ba6d7398c5::void_::Func2,Starfield.exe,0.4260,14
0x142990090,BSService::Detail::TCmd::lambda_40e6f3a5d7629908c83c6f08be99d02f::BSComponentDB2::ID_::Func2,Starfield.exe,0.5388,18
0x1429b6b90,BSService::Detail::TCmd::lambda_40e6f3a5d7629908c83c6f08be99d02f::BSComponentDB2::ID_::Func2,Starfield.exe,0.5315,17
0x1429b6c40,BSService::Detail::TCmd::lambda_40e6f3a5d7629908c83c6f08be99d02f::BSComponentDB2::ID_::Func2,Starfield.exe,0.5236,17
0x1429b6d40,BSService::Detail::TCmd::lambda_40e6f3a5d7629908c83c6f08be99d02f::BSComponentDB2::ID_::Func2,Starfield.exe,0.4889,17
0x1429fb3b0,BSService::Detail::TCmd::lambda_40e6f3a5d7629908c83c6f08be99d02f::BSComponentDB2::ID_::Func2,Starfield.exe,0.4826,19
0x1429fb5b0,BSService::Detail::TCmd::lambda_40e6f3a5d7629908c83c6f08be99d02f::BSComponentDB2::ID_::Func2,Starfield.exe,0.5236,17
0x1429fb650,BSService::Detail::TCmd::lambda_40e6f3a5d7629908c83c6f08be99d02f::BSComponentDB2::ID_::Func2,Starfield.exe,0.5236,17
0x142bd5910,BSOrderedNode::Func85,Starfield.exe,0.4227,53
0x142be0390,BSGeometry::Func58,Starfield.exe,0.4068,36
0x142be4ae0,NiObjectNET::GetController,Fallout4_OG_1_10_163.exe,0.4516,14
0x142be7b50,NiCamera::WindowPointToRay,Fallout4_OG_1_10_163.exe,0.4596,14
0x142be7c50,NiCamera::ViewPointToRay,Fallout4 AE.exe,0.4073,12
0x142be8280,NiCamera::WorldToScreenInternal,Starfield.exe,0.6382,42
0x142be85d0,NiCamera::WorldPtToScreenPt,Fallout4_OG_1_10_163.exe,0.4878,20
0x142beeff0,NiQuaternion::FromRotation,Fallout4_OG_1_10_163.exe,0.5595,40
0x142bef750,NiQuaternion::Slerp,Fallout4_OG_1_10_163.exe,0.4163,26
0x142c84720,NavMeshGenFinalizer::Func17,Starfield.exe,0.4472,2
0x142cccab0,BSSysInfoSystemUtility::GetLanguage,Fallout4_OG_1_10_163.exe,0.5238,11
0x142cd9820,BSScript::Internal::VirtualMachine::DispatchMethodCall,Fallout4_OG_1_10_163.exe,0.6667,2
0x142e93550,hkMath::quadAsin,Fallout4_OG_1_10_163.exe,0.7000,14
0x142e93650,hkMath::quadAtan2,Fallout4_OG_1_10_163.exe,0.6667,4
0x142e937d0,hkMath::quadCos,Fallout4_OG_1_10_163.exe,0.9111,41
0x142e938e0,hkMath::quadSin,Fallout4_OG_1_10_163.exe,0.9070,39
0x142e93a10,hkMath::quadSinCos,Fallout4_OG_1_10_163.exe,0.8971,61
0x142e94110,hkMxVectorUtil::hkMxVectorfUtil_Implementation::rotateDirH<1>,Fallout4_OG_1_10_163.exe,0.7200,18
0x142e94200,hkMxVectorUtil::hkMxVectorfUtil_Implementation::rotateDirH<1>,Fallout4_OG_1_10_163.exe,0.7200,18
0x142e94280,hkVector4f::setTransformedInversePos,Fallout4_OG_1_10_163.exe,0.8000,24
0x142e943b0,hkVector4f::_setTransformedPos,Fallout4_OG_1_10_163.exe,0.7308,19
0x142e94430,hkVector4f::setTransformedPos,Fallout4_OG_1_10_163.exe,0.7600,19
0x142e94ed0,hkQuaternion_setFromRotationFpu,Fallout4_OG_1_10_163.exe,0.5631,38
0x142e95050,hkQuaternionf::setAndNormalize,Fallout4_OG_1_10_163.exe,0.6962,63
0x142e95cf0,hkMxQuaternionf&lt;1&gt;::convertAndScatter&lt;64&gt;,Fallout4_OG_1_10_163.exe,0.7882,26
0x142e99e80,hk4xVector2f::set,Fallout4_OG_1_10_163.exe,0.4472,6
0x142e99f20,hkMatrix3f::setCrossSkewSymmetric,Fallout4_OG_1_10_163.exe,0.7222,13
0x142e99f90,hkMatrix3f::invertSymmetric,Fallout4_OG_1_10_163.exe,0.4230,20
0x142e9a130,hk4xVector2f::set,Fallout4_OG_1_10_163.exe,0.4472,6
0x142e9a340,hkFourTransposedPointsf::setRotatedDir,Fallout4_OG_1_10_163.exe,0.4375,7
0x142e9a810,hkTransformf::setMul,Fallout4_OG_1_10_163.exe,0.8095,17
0x142e9b450,hkSignal::find,Fallout4_OG_1_10_163.exe,0.6562,21
0x142e9b4f0,hkSignal::reset,Fallout4_OG_1_10_163.exe,0.4132,14
0x142e9b610,hkSignal::unsubscribeInternal,Fallout4_OG_1_10_163.exe,0.6458,31
0x142ebeed0,hkStringBuf::indexOfCase,Fallout4_OG_1_10_163.exe,0.5347,27
0x142ec0620,"bnet::_impl::_detail::FixedString<char,10,1,1,bnet::_impl::StdAllocator<char>>::format",Fallout4_OG_1_10_163.exe,0.6000,3
0x142ec5550,"hkMapBase<hkDataObject_Handle,Copier::LiveObjectInfo,hkMapOperations<hkDataObject_Handle>>::reserve",Fallout4_OG_1_10_163.exe,0.6923,9
0x142ec85a0,BSPathSmootherRayCast::SimpleCheckArcAgainstNavMesh,Fallout4_OG_1_10_163.exe,0.6667,2
0x142ec86d0,BSPathSmootherRayCast::SimpleCheckArcAgainstNavMesh,Fallout4_OG_1_10_163.exe,0.6667,2
0x142ef7b50,hkStackTracerImpl::ensureInitialized,Fallout4 AE.exe,0.4856,25
0x142f1ec90,hkgpConvexHullImpl::buildMassProperties<hkgpConvexHullImpl::PositionAsTransform>,Fallout4_OG_1_10_163.exe,0.4613,198
0x142f206f0,"hkAlgorithm::quickSortRecursive<hkgpConvexHullImpl::Triangle*,hkgpConvexHullImpl::Triangle::SortByPlaneId>",Fallout4_OG_1_10_163.exe,0.7356,57
0x142f207f0,"hkAlgorithm::quickSortRecursive<hkgpConvexHullImpl::SortedTriangle,hkAlgorithm::less<hkgpConvexHullImpl::SortedTriangle>>",Fallout4_OG_1_10_163.exe,0.6560,61
0x142f25980,hkgpConvexHull::buildFromPlanes,Fallout4 AE.exe,0.5353,91
0x142f297d0,hkgpConvexHull::fetchPositions,Fallout4_OG_1_10_163.exe,0.4906,25
0x142f2a2e0,hkgpConvexHull::getBestProjectionPlane,Fallout4_OG_1_10_163.exe,0.4246,49
0x142f2a590,hkgpConvexHull::getIndex,Fallout4_OG_1_10_163.exe,0.4839,15
0x142f2a650,hkgpConvexHull::computeLocalTransform,Fallout4_OG_1_10_163.exe,0.4191,14
0x142f2a750,hkgpConvexHull::getIndex,Fallout4_OG_1_10_163.exe,0.4839,15
0x142f2a900,hkgpConvexHull::getIndex,Fallout4_OG_1_10_163.exe,0.4839,15
0x142f2ab50,hkGeometryProcessing::getSupportingVertex,Fallout4_OG_1_10_163.exe,0.4740,55
0x142f2af30,hkgpConvexHullImpl::isPointInside,Fallout4_OG_1_10_163.exe,0.5548,76
0x142f2e630,"hkAlgorithm::explicitStackQuickSort<unsigned___int64,hkcdDynamicTree::Tree<hkcdDynamicTree::DynamicStoragePtr>::SAHBin::Sorter>",Fallout4_OG_1_10_163.exe,0.4235,47
0x142f2e9c0,hkGeometryProcessing::buildTransposedArray,Fallout4_OG_1_10_163.exe,0.4050,33
0x142f2ecb0,hkGeometryProcessing::getSupportingVertex,Fallout4_OG_1_10_163.exe,0.6162,61
0x142f2ee60,hkGeometryProcessing::octahedronToNormal,Fallout4_OG_1_10_163.exe,0.6634,111
0x142f319e0,"hkAlgorithm::quickSortRecursive<`anonymous_namespace'::TreePairState,hkAlgorithm::less<`anonymous_namespace'::TreePairState>>",Fallout4_OG_1_10_163.exe,0.4718,37
0x142f33150,hkgpConvexHullImpl::computeProjectionPlane,Fallout4_OG_1_10_163.exe,0.4918,75
0x142f33370,hkgpConvexHullImpl::flushPending,Fallout4_OG_1_10_163.exe,0.4583,228
0x142f3a1b0,hclSimClothInstance::updateAabbs,Fallout4_OG_1_10_163.exe,0.4769,56
0x142f53c70,hclSimulateOperator::_updateNormalsCpu,Fallout4_OG_1_10_163.exe,0.5454,94
0x142fd3fd0,hclCharacterUtils::_calculateWorldDelta_1,Fallout4_OG_1_10_163.exe,0.7369,35
0x14304a540,_anonymous_namespace_::reduceEdgesInFace,Fallout4_OG_1_10_163.exe,0.4597,37
0x1430861d0,hknpWorld::Func45_v2,Starfield.exe,0.4634,19
0x1430862d0,hknpWorld::Func44_v2,Starfield.exe,0.4500,18
0x14308ac30,"hkAlgorithm::quickSortRecursive<int,hkcdStaticMeshTree<hkcdStaticMeshTreeCommonConfig<uint,unsigned___int64,11,21>,hknpCompressedMeshShapeTreeDataRun>::DataSorter>",Fallout4_OG_1_10_163.exe,0.6799,52
0x14308f910,hkMatrix3f::setMul,Fallout4_OG_1_10_163.exe,0.6065,16
0x14308ffb0,hknpWorld::Func23_v2,Starfield.exe,0.4169,44
0x14309d200,BGSCombinedCellGeometryDB::CDX::Pager::Pager,Fallout4_OG_1_10_163.exe,0.6667,2
0x1430cde50,hknpBodyManager::clearAllPropertiesFromBody,Fallout4_OG_1_10_163.exe,0.5694,39
0x1430d0900,hknpMotionUtil::calcFutureAabb,Fallout4_OG_1_10_163.exe,0.5104,49
0x1431745e0,hkInternalConstraintUtils_calcRelativeAngle,Fallout4_OG_1_10_163.exe,0.5058,47
0x14318c2f0,Scaleform::MemoryHeap::AssignToCurrentThread,Fallout4_OG_1_10_163.exe,0.4286,3
0x1431afd00,Scaleform::String::AllocDataCopy1,Fallout4_OG_1_10_163.exe,0.4089,10
0x1431afd90,Scaleform::String::AllocDataCopy2,Fallout4_OG_1_10_163.exe,0.4914,13
0x1431b0690,Scaleform::String::AppendString,Fallout4 AE.exe,0.4686,26
0x1431b07a0,GString::assign,SkyrimAE_1_6_1170.exe,0.4485,26
0x1431b3020,Scaleform::StringBuffer::Resize,Fallout4_OG_1_10_163.exe,0.4211,16
0x1431b4f30,Scaleform::GFx::ASString::operator+,Fallout4 AE.exe,0.5385,7
0x1431cfcb0,Scaleform::GFx::CharacterHandle::CharacterHandle,Fallout4_OG_1_10_163.exe,0.4134,31
0x14320b800,Scaleform::MsgFormat::Parse,Fallout4_OG_1_10_163.exe,0.5089,88
0x143298460,"Scaleform::ArrayDataBase<Scaleform::Waitable::HandlerStruct,Scaleform::AllocatorGH<Scaleform::Waitable::HandlerStruct,2>,Scaleform::ArrayConstPolicy<0,16,1>>::Reserve",Fallout4 AE.exe,0.4103,16
0x143321650,Scaleform::GFx::AS3::FindFixedSlot,Fallout4_OG_1_10_163.exe,0.4838,36
0x143324940,Scaleform::GFx::AS3::Object::Func12,Starfield.exe,0.4907,78
0x1433294c0,Scaleform::GFx::AS3::Traits::UpdateVT4IM,Fallout4 AE.exe,0.5693,37
0x143329710,Scaleform::GFx::AS3::Traits::ConstructTail,Fallout4 AE.exe,0.5047,27
0x14332bdd0,Scaleform::GFx::AS3::InstanceTraits::RTraits::RTraits,Fallout4_OG_1_10_163.exe,0.4167,5
0x14333a0c0,Scaleform::GFx::AS3::VM::GetRegisteredClassTraits,Fallout4_OG_1_10_163.exe,0.4643,13
0x1433561a0,Scaleform::GFx::Value::ObjectInterface::ObjectRelease,Starfield.exe,0.5111,23
0x143356990,Scaleform::GFx::Value::ObjectInterface::GetMember,Starfield.exe,0.4548,93
0x14337e0b0,"Scaleform::HashSetBase<Scaleform::HashNode<Scaleform::GFx::ResourceId,Scaleform::GFx::ResourcePtr<Scaleform::GFx::ImageResource>,Scaleform::FixedSizeHash<Scaleform::GFx::ResourceId>>,Scaleform::HashNode<Scaleform::GFx::ResourceId,Scaleform::GFx::ResourcePtr<Scaleform::GFx::ImageResource>,Scaleform::FixedSizeHash<Scaleform::GFx::ResourceId>>::NodeHashF,Scaleform::HashNode<Scaleform::GFx::ResourceId,Scaleform::GFx::ResourcePtr<Scaleform::GFx::ImageResource>,Scaleform::FixedSizeHash<Scaleform::GFx::ResourceId>>::NodeAltHashF,Scaleform::AllocatorLH<Scaleform::GFx::ResourceId,261>,Scaleform::HashsetCachedNodeEntry<Scaleform::HashNode<Scaleform::GFx::ResourceId,Scaleform::GFx::ResourcePtr<Scaleform::GFx::ImageResource>,Scaleform::FixedSizeHash<Scaleform::GFx::ResourceId>>,Scaleform::HashNode<Scaleform::GFx::ResourceId,Scaleform::GFx::ResourcePtr<Scaleform::GFx::ImageResource>,Scaleform::FixedSizeHash<Scaleform::GFx::ResourceId>>::NodeHashF>>::add<Scaleform::HashNode<Scaleform::GFx::ResourceId,Scaleform::GFx::ResourcePtr<Scaleform::GFx::ImageResource>,Scaleform::FixedSizeHash<Scaleform::GFx::ResourceId>>>",Fallout4 AE.exe,0.4910,41
0x14337e280,"Scaleform::HashSetBase<Scaleform::HashNode<Scaleform::GFx::ResourceId,Scaleform::GFx::ResourcePtr<Scaleform::GFx::ImageResource>,Scaleform::FixedSizeHash<Scaleform::GFx::ResourceId>>,Scaleform::HashNode<Scaleform::GFx::ResourceId,Scaleform::GFx::ResourcePtr<Scaleform::GFx::ImageResource>,Scaleform::FixedSizeHash<Scaleform::GFx::ResourceId>>::NodeHashF,Scaleform::HashNode<Scaleform::GFx::ResourceId,Scaleform::GFx::ResourcePtr<Scaleform::GFx::ImageResource>,Scaleform::FixedSizeHash<Scaleform::GFx::ResourceId>>::NodeAltHashF,Scaleform::AllocatorLH<Scaleform::GFx::ResourceId,261>,Scaleform::HashsetCachedNodeEntry<Scaleform::HashNode<Scaleform::GFx::ResourceId,Scaleform::GFx::ResourcePtr<Scaleform::GFx::ImageResource>,Scaleform::FixedSizeHash<Scaleform::GFx::ResourceId>>,Scaleform::HashNode<Scaleform::GFx::ResourceId,Scaleform::GFx::ResourcePtr<Scaleform::GFx::ImageResource>,Scaleform::FixedSizeHash<Scaleform::GFx::ResourceId>>::NodeHashF>>::add<Scaleform::HashNode<Scaleform::GFx::ResourceId,Scaleform::GFx::ResourcePtr<Scaleform::GFx::ImageResource>,Scaleform::FixedSizeHash<Scaleform::GFx::ResourceId>>>",Fallout4 AE.exe,0.4431,40
0x14337e620,"Scaleform::HashSetBase<Scaleform::HashNode<Scaleform::String,Scaleform::String,Scaleform::String::NoCaseHashFunctor>,Scaleform::HashNode<Scaleform::String,Scaleform::String,Scaleform::String::NoCaseHashFunctor>::NodeHashF,Scaleform::HashNode<Scaleform::String,Scaleform::String,Scaleform::String::NoCaseHashFunctor>::NodeAltHashF,Scaleform::AllocatorGH<Scaleform::String,2>,Scaleform::HashsetCachedNodeEntry<Scaleform::HashNode<Scaleform::String,Scaleform::String,Scaleform::String::NoCaseHashFunctor>,Scaleform::HashNode<Scaleform::String,Scaleform::String,Scaleform::String::NoCaseHashFunctor>::NodeHashF>>::add<Scaleform::HashNode<Scaleform::String,Scaleform::String,Scaleform::String::NoCaseHashFunctor>::NodeRef>",Fallout4 AE.exe,0.4466,48
0x14337fa20,"Scaleform::HashSetBase<Scaleform::HashNode<Scaleform::GFx::Movie*,Scaleform::Ptr<Scaleform::GFx::ASIMEManager>,Scaleform::FixedSizeHash<Scaleform::GFx::Movie*>>,Scaleform::HashNode<Scaleform::GFx::Movie*,Scaleform::Ptr<Scaleform::GFx::ASIMEManager>,Scaleform::FixedSizeHash<Scaleform::GFx::Movie*>>::NodeHashF,Scaleform::HashNode<Scaleform::GFx::Movie*,Scaleform::Ptr<Scaleform::GFx::ASIMEManager>,Scaleform::FixedSizeHash<Scaleform::GFx::Movie*>>::NodeAltHashF,Scaleform::AllocatorGH<Scaleform::GFx::Movie*,2>,Scaleform::HashsetCachedNodeEntry<Scaleform::HashNode<Scaleform::GFx::Movie*,Scaleform::Ptr<Scaleform::GFx::ASIMEManager>,Scaleform::FixedSizeHash<Scaleform::GFx::Movie*>>,Scaleform::HashNode<Scaleform::GFx::Movie*,Scaleform::Ptr<Scaleform::GFx::ASIMEManager>,Scaleform::FixedSizeHash<Scaleform::GFx::Movie*>>::NodeHashF>>::add<Scaleform::HashNode<Scaleform::GFx::Movie*,Scaleform::Ptr<Scaleform::GFx::ASIMEManager>,Scaleform::FixedSizeHash<Scaleform::GFx::Movie*>>::NodeRef>",Fallout4 AE.exe,0.4366,43
0x14337fc20,"Scaleform::HashSetBase<Scaleform::HashNode<Scaleform::GFx::Movie*,Scaleform::Ptr<Scaleform::GFx::ASIMEManager>,Scaleform::FixedSizeHash<Scaleform::GFx::Movie*>>,Scaleform::HashNode<Scaleform::GFx::Movie*,Scaleform::Ptr<Scaleform::GFx::ASIMEManager>,Scaleform::FixedSizeHash<Scaleform::GFx::Movie*>>::NodeHashF,Scaleform::HashNode<Scaleform::GFx::Movie*,Scaleform::Ptr<Scaleform::GFx::ASIMEManager>,Scaleform::FixedSizeHash<Scaleform::GFx::Movie*>>::NodeAltHashF,Scaleform::AllocatorGH<Scaleform::GFx::Movie*,2>,Scaleform::HashsetCachedNodeEntry<Scaleform::HashNode<Scaleform::GFx::Movie*,Scaleform::Ptr<Scaleform::GFx::ASIMEManager>,Scaleform::FixedSizeHash<Scaleform::GFx::Movie*>>,Scaleform::HashNode<Scaleform::GFx::Movie*,Scaleform::Ptr<Scaleform::GFx::ASIMEManager>,Scaleform::FixedSizeHash<Scaleform::GFx::Movie*>>::NodeHashF>>::add<Scaleform::HashNode<Scaleform::GFx::Movie*,Scaleform::Ptr<Scaleform::GFx::ASIMEManager>,Scaleform::FixedSizeHash<Scaleform::GFx::Movie*>>::NodeRef>",Fallout4 AE.exe,0.4159,43
0x143380060,"Scaleform::HashSetBase<Scaleform::HashNode<Scaleform::String,Scaleform::String,Scaleform::String::NoCaseHashFunctor>,Scaleform::HashNode<Scaleform::String,Scaleform::String,Scaleform::String::NoCaseHashFunctor>::NodeHashF,Scaleform::HashNode<Scaleform::String,Scaleform::String,Scaleform::String::NoCaseHashFunctor>::NodeAltHashF,Scaleform::AllocatorGH<Scaleform::String,2>,Scaleform::HashsetCachedNodeEntry<Scaleform::HashNode<Scaleform::String,Scaleform::String,Scaleform::String::NoCaseHashFunctor>,Scaleform::HashNode<Scaleform::String,Scaleform::String,Scaleform::String::NoCaseHashFunctor>::NodeHashF>>::add<Scaleform::HashNode<Scaleform::String,Scaleform::String,Scaleform::String::NoCaseHashFunctor>::NodeRef>",Fallout4 AE.exe,0.5780,63
0x14338c050,"Scaleform::ArrayDataBase<Scaleform::GFx::AS3::Value,Scaleform::AllocatorDH<Scaleform::GFx::AS3::Value,2>,Scaleform::ArrayDefaultPolicy>::ResizeNoConstruct",Fallout4_OG_1_10_163.exe,0.4138,12
0x14339aec0,Scaleform::GFx::AS3::Impl::SparseArray::Resize,Fallout4_OG_1_10_163.exe,0.4000,14
0x14339b720,Scaleform::GFx::AS3::Impl::SparseArray::At,Fallout4 AE.exe,0.4138,12
0x14339b790,Scaleform::GFx::AS3::Impl::SparseArray::Set,Fallout4_OG_1_10_163.exe,0.4338,18
0x1433d8770,"Scaleform::ArrayBase<Scaleform::ArrayDataDH<Scaleform::GFx::AS3::Value,Scaleform::AllocatorDH<Scaleform::GFx::AS3::Value,2>,Scaleform::ArrayDefaultPolicy>>::Resize",Fallout4_OG_1_10_163.exe,0.5015,13
0x1434d9a10,build_tree,SkyrimAE_1_6_1170.exe,0.4378,69
0x1434da000,gen_bitlen,SkyrimAE_1_6_1170.exe,0.4060,68
0x1434da4f0,scan_tree,SkyrimAE_1_6_1170.exe,0.4713,37
0x14354e210,RE::GameScript::DebuggerMessages::ContinueRequest::DeserializeArgs,Starfield.exe,0.6667,2
0x1435500c0,"bnet::_impl::_detail::FixedString<char,10,1,1,bnet::_impl::StdAllocator<char>>::format",Fallout4_OG_1_10_163.exe,0.6000,3
0x1435501a0,"bnet::_impl::_detail::FixedString<char,10,1,1,bnet::_impl::StdAllocator<char>>::format",Fallout4_OG_1_10_163.exe,0.6000,3
0x143551c20,bnet::_impl::Memory::New<bnet::_impl::SharedMutex>,Fallout4 AE.exe,0.4287,5
0x143551fd0,bnet::_impl::StringUtil::CharToWChar,Fallout4_OG_1_10_163.exe,0.4167,5
0x143568910,bnet::WinHttpTransport::AddHeader,Fallout4 AE.exe,0.6192,52
0x143569a20,"bnet::_impl::_detail::FixedString<char,10,1,1,bnet::_impl::StdAllocator<char>>::format",Fallout4_OG_1_10_163.exe,0.6000,3
0x1435ac590,BGSPackageDataFloat::Func8,Starfield.exe,0.4472,2
0x1435acf00,BGSPackageDataFloat::Func8,Starfield.exe,0.4472,2
0x143622480,BSImagespaceShaderCopyShadowMapToArray::SetupTechnique,Fallout4_OG_1_10_163.exe,0.6667,2
0x14363c4f0,hkString::sprintf,Fallout4_OG_1_10_163.exe,0.6000,3
0x1436610cc,_onexit,Starfield.exe,0.4118,7
0x143661af4,__report_gsfailure,Fallout4_OG_1_10_163.exe,0.4286,9
0x143665fb0,__common_scos_cout_rare,Starfield.exe,0.4762,10
0x143669220,__hkMatrix4UtilAlgo::setInverse,Fallout4_OG_1_10_163.exe,0.7473,34
0x14366ef00,hkcdTriangleUtil::isDegenerate,Fallout4_OG_1_10_163.exe,0.6279,27
0x14367f830,hkcdDynamicTree::Tree<hkcdDynamicTree::DynamicStoragePtr>::computeCost,Fallout4_OG_1_10_163.exe,0.4446,60
0x143692660,ActorValueInfo::Unk_4F,Starfield.exe,0.4472,2
0x14369fc70,hkInertiaTensorComputer::combineMassProperties,Fallout4_OG_1_10_163.exe,0.4174,37
0x14369ff00,InternalInertiaTensorComputer::compFaceIntegrals,Fallout4_OG_1_10_163.exe,0.8267,62
0x1436a0250,InternalInertiaTensorComputer::compProjectionIntegrals,Fallout4_OG_1_10_163.exe,0.7943,81
0x1436a05d0,InternalInertiaTensorComputer::compVolumeIntegrals,Fallout4_OG_1_10_163.exe,0.6114,81
0x1436a1960,hkInertiaTensorComputer::computeSphereVolumeMassProperties,Fallout4_OG_1_10_163.exe,0.4907,12
0x1436a1a20,hkInertiaTensorComputer::computeTriangleSurfaceMassProperties,Fallout4_OG_1_10_163.exe,0.4236,65
0x1436a20a0,hkInertiaTensorComputer::convertInertiaTensorToPrincipleAxis,Fallout4_OG_1_10_163.exe,0.7471,53
0x1436a31a0,BSPathSmootherRayCast::SimpleCheckArcAgainstNavMesh,Fallout4_OG_1_10_163.exe,0.6667,2
0x1436a31c0,hkaSkeletonUtils::transformLocalPoseToWorldPose,Fallout4_OG_1_10_163.exe,0.4777,32
0x1436d8b00,"hkAlgorithm::quickSortRecursive<int,hkcdStaticMeshTree<hkcdStaticMeshTreeCommonConfig<uint,unsigned___int64,11,21>,hknpCompressedMeshShapeTreeDataRun>::DataSorter>",Fallout4_OG_1_10_163.exe,0.7692,60
0x1436d8bf0,"hkAlgorithm::quickSortRecursive<hkMemorySnapshot::Allocation,uint_",Fallout4_OG_1_10_163.exe,0.5293,50
0x1436d8d60,"hkAlgorithm::quickSortRecursive<hkcdStaticMeshTree<hkcdStaticMeshTreeCommonConfig<uint,unsigned___int64,11,21>,hknpCompressedMeshShapeTreeDataRun>::Quad,hkAlgorithm::less<hkcdStaticMeshTree<hkcdStaticMeshTreeCommonConfig<uint,unsigned___int64,11,21>,hknpCompressedMeshShapeTreeDataRun>::Quad>>",Fallout4_OG_1_10_163.exe,0.6584,51
0x1436d8e80,"hkAlgorithm::quickSortRecursive<`anonymous_namespace'::InternalEdgeSortingStruct,hkAlgorithm::less<`anonymous_namespace'::InternalEdgeSortingStruct>>",Fallout4_OG_1_10_163.exe,0.7143,65
0x1436eac40,hkcdDynamicTree::Tree<hkcdDynamicTree::DynamicStoragePtr>::balance,Fallout4_OG_1_10_163.exe,0.4420,59
0x1436f2fc0,hkcdDynamicTree::Tree<hkcdDynamicTree::DynamicStoragePtr>::detachBranch,Fallout4_OG_1_10_163.exe,0.4679,91
0x1436f9920,hkcdDynamicTree::Tree<hkcdDynamicTree::DynamicStoragePtr>::rotateLeft,Fallout4_OG_1_10_163.exe,0.5270,30
0x1436f9a80,hkcdDynamicTree::Tree<hkcdDynamicTree::DynamicStoragePtr>::rotateLeft,Fallout4_OG_1_10_163.exe,0.5270,30
0x14370c150,"hkAlgorithm::explicitStackQuickSort<ushort,hkcdDynamicTree::Tree<hkcdDynamicTree::DynamicStorage16>::SAHBin::Sorter>",Fallout4_OG_1_10_163.exe,0.4227,51
0x14374efe0,hk1AxisSweep::sortAabbs,Fallout4_OG_1_10_163.exe,0.4056,30
0x1433565a0,Scaleform::GFx::Value::ObjectInterface::GetMember,Starfield.exe,0.6398,127
0x143356260,Scaleform::GFx::Value::ObjectInterface::HasMember,Starfield.exe,0.6467,119
0x143356100,Scaleform::GFx::Value::ObjectInterface::ObjectAddRef,Starfield.exe,0.6176,21
0x140639270,InventoryDataModelNS::InventoryItem::Func3,Starfield.exe,0.4055,74
0x1434e1e00,XXH64,Starfield.exe,0.7660,36
0x1434e1f90,XXH64_digest,Starfield.exe,0.6250,20
0x1434e27d0,XXH64_update,SkyrimAE_1_6_1170.exe,0.6068,47
0x140e172e0,BGSProcedureUseMagicExecState::RecycleChildren,Fallout4_OG_1_10_163.exe,0.4752,17
0x143661630,__chkstk,Fallout4_OG_1_10_163.exe,0.5000,11
0x143661ac0,__raise_securityfailure,Starfield.exe,0.4286,3
0x143660bb4,`eh_vector_constructor_iterator',Starfield.exe,0.4167,5
0x1436611a0,`eh_vector_constructor_iterator',Starfield.exe,0.4167,5
0x143660ab8,`eh_vector_destructor_iterator',Starfield.exe,0.4667,7
0x1402b8010,`vector_constructor_iterator',Starfield.exe,0.4615,6
0x1402d3400,_vsnwprintf,Starfield.exe,0.5385,7
0x143661c78,capture_current_context,Starfield.exe,0.4167,5
0x143661ce8,capture_previous_context,Starfield.exe,0.6471,11
0x1434d6bd0,flush_pending,Starfield.exe,0.5455,18
0x14305f5d0,hknpWorld::Func13_v2,Starfield.exe,0.4768,72
0x14305d630,hknpWorld::Func15_v2,Starfield.exe,0.6120,168
0x1430633c0,hknpWorld::Func17_v2,Starfield.exe,0.6992,294
0x1430884b0,hknpWorld::Func20_v2,Starfield.exe,0.6354,61
0x143088ef0,hknpWorld::Func21_v2,Starfield.exe,0.7970,161
0x143086b90,hknpWorld::Func23_v2,Starfield.exe,0.7518,106
0x143086020,hknpWorld::Func25_v2,Starfield.exe,0.7227,86
0x143085cb0,hknpWorld::Func27_v2,Starfield.exe,0.7888,127
0x143087d10,hknpWorld::Func28_v2,Starfield.exe,0.7333,165
0x14305ee10,hknpWorld::Func30_v2,Starfield.exe,0.6454,162
0x14305fc30,hknpWorld::Func31_v2,Starfield.exe,0.7804,295
0x1430cffb0,hknpWorld::Func39_v3,Starfield.exe,0.5438,90
0x143087740,hknpWorld::Func52_v2,Starfield.exe,0.6444,116
0x143062d90,hknpWorld::Func53_v2,Starfield.exe,0.6909,76
0x14305d4a0,hknpWorld::Func78_v2,Starfield.exe,0.4262,26
0x1434da400,pqdownheap,Starfield.exe,0.7313,49
